MGnify_accession,Count
MGYG-HGUT-00002,50
MGYG-HGUT-01938,50
MGYG-HGUT-01770,50
MGYG-HGUT-01820,50
MGYG-HGUT-01830,50
MGYG-HGUT-01831,50
MGYG-HGUT-01835,50
MGYG-HGUT-01848,50
MGYG-HGUT-01855,50
MGYG-HGUT-01866,50
MGYG-HGUT-01887,50
MGYG-HGUT-01901,50
MGYG-HGUT-01919,50
MGYG-HGUT-01946,50
MGYG-HGUT-02108,50
MGYG-HGUT-01959,50
MGYG-HGUT-01963,50
MGYG-HGUT-02001,50
MGYG-HGUT-02007,50
MGYG-HGUT-02021,50
MGYG-HGUT-00003,50
MGYG-HGUT-02040,50
MGYG-HGUT-02057,50
MGYG-HGUT-02060,50
MGYG-HGUT-02072,50
MGYG-HGUT-02082,50
MGYG-HGUT-01769,50
MGYG-HGUT-01763,50
MGYG-HGUT-01757,50
MGYG-HGUT-01756,50
MGYG-HGUT-01493,50
MGYG-HGUT-01494,50
MGYG-HGUT-01500,50
MGYG-HGUT-01522,50
MGYG-HGUT-01531,50
MGYG-HGUT-01551,50
MGYG-HGUT-01556,50
MGYG-HGUT-01565,50
MGYG-HGUT-01627,50
MGYG-HGUT-01633,50
MGYG-HGUT-01637,50
MGYG-HGUT-01647,50
MGYG-HGUT-01677,50
MGYG-HGUT-01687,50
MGYG-HGUT-01694,50
MGYG-HGUT-01695,50
MGYG-HGUT-01704,50
MGYG-HGUT-01707,50
MGYG-HGUT-01711,50
MGYG-HGUT-01714,50
MGYG-HGUT-01737,50
MGYG-HGUT-01745,50
MGYG-HGUT-01747,50
MGYG-HGUT-02101,50
MGYG-HGUT-02113,50
MGYG-HGUT-00773,50
MGYG-HGUT-02349,50
MGYG-HGUT-02311,50
MGYG-HGUT-02319,50
MGYG-HGUT-02320,50
MGYG-HGUT-02321,50
MGYG-HGUT-02324,50
MGYG-HGUT-02327,50
MGYG-HGUT-02330,50
MGYG-HGUT-02331,50
MGYG-HGUT-02336,50
MGYG-HGUT-02337,50
MGYG-HGUT-02344,50
MGYG-HGUT-02350,50
MGYG-HGUT-02121,50
MGYG-HGUT-02351,50
MGYG-HGUT-02353,50
MGYG-HGUT-02366,50
MGYG-HGUT-02369,50
MGYG-HGUT-02371,50
MGYG-HGUT-02372,50
MGYG-HGUT-02378,50
MGYG-HGUT-02386,50
MGYG-HGUT-02387,50
MGYG-HGUT-02388,50
MGYG-HGUT-02394,50
MGYG-HGUT-02303,50
MGYG-HGUT-02298,50
MGYG-HGUT-02297,50
MGYG-HGUT-02295,50
MGYG-HGUT-02133,50
MGYG-HGUT-02143,50
MGYG-HGUT-02144,50
MGYG-HGUT-02152,50
MGYG-HGUT-02155,50
MGYG-HGUT-02163,50
MGYG-HGUT-02166,50
MGYG-HGUT-02175,50
MGYG-HGUT-02191,50
MGYG-HGUT-02218,50
MGYG-HGUT-02224,50
MGYG-HGUT-02242,50
MGYG-HGUT-02272,50
MGYG-HGUT-02274,50
MGYG-HGUT-02279,50
MGYG-HGUT-02281,50
MGYG-HGUT-02284,50
MGYG-HGUT-02285,50
MGYG-HGUT-02286,50
MGYG-HGUT-02287,50
MGYG-HGUT-02289,50
MGYG-HGUT-02292,50
MGYG-HGUT-02293,50
MGYG-HGUT-01490,50
MGYG-HGUT-01489,50
MGYG-HGUT-01456,50
MGYG-HGUT-01168,50
MGYG-HGUT-01097,50
MGYG-HGUT-01110,50
MGYG-HGUT-01112,50
MGYG-HGUT-01120,50
MGYG-HGUT-01129,50
MGYG-HGUT-01132,50
MGYG-HGUT-01136,50
MGYG-HGUT-01151,50
MGYG-HGUT-01157,50
MGYG-HGUT-01160,50
MGYG-HGUT-01164,50
MGYG-HGUT-01184,50
MGYG-HGUT-01455,50
MGYG-HGUT-01186,50
MGYG-HGUT-01188,50
MGYG-HGUT-01225,50
MGYG-HGUT-01230,50
MGYG-HGUT-01244,50
MGYG-HGUT-01246,50
MGYG-HGUT-01255,50
MGYG-HGUT-01256,50
MGYG-HGUT-01289,50
MGYG-HGUT-01292,50
MGYG-HGUT-01293,50
MGYG-HGUT-01092,50
MGYG-HGUT-01085,50
MGYG-HGUT-01068,50
MGYG-HGUT-01065,50
MGYG-HGUT-00784,50
MGYG-HGUT-00810,50
MGYG-HGUT-00836,50
MGYG-HGUT-00839,50
MGYG-HGUT-00870,50
MGYG-HGUT-00877,50
MGYG-HGUT-00884,50
MGYG-HGUT-00901,50
MGYG-HGUT-00909,50
MGYG-HGUT-00929,50
MGYG-HGUT-00933,50
MGYG-HGUT-00941,50
MGYG-HGUT-00968,50
MGYG-HGUT-00980,50
MGYG-HGUT-00982,50
MGYG-HGUT-00993,50
MGYG-HGUT-01002,50
MGYG-HGUT-01021,50
MGYG-HGUT-01029,50
MGYG-HGUT-01034,50
MGYG-HGUT-01057,50
MGYG-HGUT-01058,50
MGYG-HGUT-01060,50
MGYG-HGUT-01294,50
MGYG-HGUT-01297,50
MGYG-HGUT-01300,50
MGYG-HGUT-01372,50
MGYG-HGUT-01375,50
MGYG-HGUT-01378,50
MGYG-HGUT-01380,50
MGYG-HGUT-01382,50
MGYG-HGUT-01385,50
MGYG-HGUT-01386,50
MGYG-HGUT-01387,50
MGYG-HGUT-01391,50
MGYG-HGUT-01396,50
MGYG-HGUT-01397,50
MGYG-HGUT-01398,50
MGYG-HGUT-01399,50
MGYG-HGUT-01400,50
MGYG-HGUT-01402,50
MGYG-HGUT-01410,50
MGYG-HGUT-01415,50
MGYG-HGUT-01429,50
MGYG-HGUT-01431,50
MGYG-HGUT-01433,50
MGYG-HGUT-01439,50
MGYG-HGUT-01440,50
MGYG-HGUT-01444,50
MGYG-HGUT-01446,50
MGYG-HGUT-01374,50
MGYG-HGUT-01367,50
MGYG-HGUT-01302,50
MGYG-HGUT-01365,50
MGYG-HGUT-01303,50
MGYG-HGUT-01306,50
MGYG-HGUT-01308,50
MGYG-HGUT-01310,50
MGYG-HGUT-01313,50
MGYG-HGUT-01314,50
MGYG-HGUT-01315,50
MGYG-HGUT-01316,50
MGYG-HGUT-01319,50
MGYG-HGUT-01321,50
MGYG-HGUT-01327,50
MGYG-HGUT-01334,50
MGYG-HGUT-01336,50
MGYG-HGUT-01337,50
MGYG-HGUT-01338,50
MGYG-HGUT-01345,50
MGYG-HGUT-01346,50
MGYG-HGUT-01349,50
MGYG-HGUT-01354,50
MGYG-HGUT-01359,50
MGYG-HGUT-01361,50
MGYG-HGUT-01362,50
MGYG-HGUT-01364,50
MGYG-HGUT-02395,50
MGYG-HGUT-02396,50
MGYG-HGUT-02397,50
MGYG-HGUT-04130,50
MGYG-HGUT-04014,50
MGYG-HGUT-04016,50
MGYG-HGUT-04041,50
MGYG-HGUT-04052,50
MGYG-HGUT-04059,50
MGYG-HGUT-04083,50
MGYG-HGUT-04086,50
MGYG-HGUT-04099,50
MGYG-HGUT-04111,50
MGYG-HGUT-04114,50
MGYG-HGUT-04117,50
MGYG-HGUT-04137,50
MGYG-HGUT-03693,50
MGYG-HGUT-04138,50
MGYG-HGUT-04145,50
MGYG-HGUT-04155,50
MGYG-HGUT-04158,50
MGYG-HGUT-04163,50
MGYG-HGUT-04165,50
MGYG-HGUT-04191,50
MGYG-HGUT-04194,50
MGYG-HGUT-04196,50
MGYG-HGUT-04200,50
MGYG-HGUT-04205,50
MGYG-HGUT-04006,50
MGYG-HGUT-04000,50
MGYG-HGUT-03990,50
MGYG-HGUT-03987,50
MGYG-HGUT-03695,50
MGYG-HGUT-03697,50
MGYG-HGUT-03702,50
MGYG-HGUT-03703,50
MGYG-HGUT-03844,50
MGYG-HGUT-03852,50
MGYG-HGUT-03875,50
MGYG-HGUT-03891,50
MGYG-HGUT-03899,50
MGYG-HGUT-03912,50
MGYG-HGUT-03921,50
MGYG-HGUT-03928,50
MGYG-HGUT-03932,50
MGYG-HGUT-03937,50
MGYG-HGUT-03940,50
MGYG-HGUT-03942,50
MGYG-HGUT-03949,50
MGYG-HGUT-03958,50
MGYG-HGUT-03960,50
MGYG-HGUT-03961,50
MGYG-HGUT-03966,50
MGYG-HGUT-03971,50
MGYG-HGUT-03973,50
MGYG-HGUT-04207,50
MGYG-HGUT-04236,50
MGYG-HGUT-04237,50
MGYG-HGUT-04390,50
MGYG-HGUT-04402,50
MGYG-HGUT-04409,50
MGYG-HGUT-04431,50
MGYG-HGUT-04451,50
MGYG-HGUT-04463,50
MGYG-HGUT-04468,50
MGYG-HGUT-04474,50
MGYG-HGUT-04487,50
MGYG-HGUT-04491,50
MGYG-HGUT-04494,50
MGYG-HGUT-04498,50
MGYG-HGUT-04507,50
MGYG-HGUT-04518,50
MGYG-HGUT-04526,50
MGYG-HGUT-04533,50
MGYG-HGUT-04534,50
MGYG-HGUT-04544,50
MGYG-HGUT-04557,50
MGYG-HGUT-04593,50
MGYG-HGUT-04600,50
MGYG-HGUT-04632,50
MGYG-HGUT-04639,50
MGYG-HGUT-04643,50
MGYG-HGUT-04392,50
MGYG-HGUT-04389,50
MGYG-HGUT-04245,50
MGYG-HGUT-04388,50
MGYG-HGUT-04248,50
MGYG-HGUT-04250,50
MGYG-HGUT-04254,50
MGYG-HGUT-04256,50
MGYG-HGUT-04262,50
MGYG-HGUT-04275,50
MGYG-HGUT-04282,50
MGYG-HGUT-04289,50
MGYG-HGUT-04296,50
MGYG-HGUT-04308,50
MGYG-HGUT-04317,50
MGYG-HGUT-04319,50
MGYG-HGUT-04323,50
MGYG-HGUT-04328,50
MGYG-HGUT-04329,50
MGYG-HGUT-04337,50
MGYG-HGUT-04341,50
MGYG-HGUT-04345,50
MGYG-HGUT-04352,50
MGYG-HGUT-04356,50
MGYG-HGUT-04369,50
MGYG-HGUT-04371,50
MGYG-HGUT-04379,50
MGYG-HGUT-03694,50
MGYG-HGUT-03686,50
MGYG-HGUT-02412,50
MGYG-HGUT-02549,50
MGYG-HGUT-02510,50
MGYG-HGUT-02511,50
MGYG-HGUT-02514,50
MGYG-HGUT-02517,50
MGYG-HGUT-02528,50
MGYG-HGUT-02530,50
MGYG-HGUT-02538,50
MGYG-HGUT-02540,50
MGYG-HGUT-02544,50
MGYG-HGUT-02545,50
MGYG-HGUT-02547,50
MGYG-HGUT-02552,50
MGYG-HGUT-03684,50
MGYG-HGUT-02556,50
MGYG-HGUT-02558,50
MGYG-HGUT-02563,50
MGYG-HGUT-02570,50
MGYG-HGUT-02580,50
MGYG-HGUT-02581,50
MGYG-HGUT-02583,50
MGYG-HGUT-02589,50
MGYG-HGUT-02602,50
MGYG-HGUT-02609,50
MGYG-HGUT-02612,50
MGYG-HGUT-02509,50
MGYG-HGUT-02506,50
MGYG-HGUT-02504,50
MGYG-HGUT-02499,50
MGYG-HGUT-02422,50
MGYG-HGUT-02424,50
MGYG-HGUT-02438,50
MGYG-HGUT-02444,50
MGYG-HGUT-02445,50
MGYG-HGUT-02446,50
MGYG-HGUT-02447,50
MGYG-HGUT-02448,50
MGYG-HGUT-02450,50
MGYG-HGUT-02453,50
MGYG-HGUT-02454,50
MGYG-HGUT-02455,50
MGYG-HGUT-02459,50
MGYG-HGUT-02463,50
MGYG-HGUT-02469,50
MGYG-HGUT-02470,50
MGYG-HGUT-02478,50
MGYG-HGUT-02480,50
MGYG-HGUT-02482,50
MGYG-HGUT-02485,50
MGYG-HGUT-02486,50
MGYG-HGUT-02492,50
MGYG-HGUT-02497,50
MGYG-HGUT-02616,50
MGYG-HGUT-02619,50
MGYG-HGUT-02625,50
MGYG-HGUT-03288,50
MGYG-HGUT-03306,50
MGYG-HGUT-03311,50
MGYG-HGUT-03318,50
MGYG-HGUT-03326,50
MGYG-HGUT-03331,50
MGYG-HGUT-03374,50
MGYG-HGUT-03405,50
MGYG-HGUT-03409,50
MGYG-HGUT-03411,50
MGYG-HGUT-03418,50
MGYG-HGUT-03439,50
MGYG-HGUT-03454,50
MGYG-HGUT-03456,50
MGYG-HGUT-03465,50
MGYG-HGUT-03475,50
MGYG-HGUT-03481,50
MGYG-HGUT-03482,50
MGYG-HGUT-03483,50
MGYG-HGUT-03504,50
MGYG-HGUT-03656,50
MGYG-HGUT-03681,50
MGYG-HGUT-03682,50
MGYG-HGUT-03683,50
MGYG-HGUT-03298,50
MGYG-HGUT-03242,50
MGYG-HGUT-02633,50
MGYG-HGUT-03224,50
MGYG-HGUT-02681,50
MGYG-HGUT-02715,50
MGYG-HGUT-02720,50
MGYG-HGUT-02723,50
MGYG-HGUT-02760,50
MGYG-HGUT-02773,50
MGYG-HGUT-02794,50
MGYG-HGUT-02796,50
MGYG-HGUT-02831,50
MGYG-HGUT-02876,50
MGYG-HGUT-02882,50
MGYG-HGUT-02926,50
MGYG-HGUT-02930,50
MGYG-HGUT-02955,50
MGYG-HGUT-02969,50
MGYG-HGUT-02993,50
MGYG-HGUT-03017,50
MGYG-HGUT-03022,50
MGYG-HGUT-03074,50
MGYG-HGUT-03077,50
MGYG-HGUT-03126,50
MGYG-HGUT-03166,50
MGYG-HGUT-03217,50
MGYG-HGUT-00781,50
MGYG-HGUT-04644,50
MGYG-HGUT-00669,50
MGYG-HGUT-00273,50
MGYG-HGUT-00431,50
MGYG-HGUT-00271,50
MGYG-HGUT-00429,50
MGYG-HGUT-00074,50
MGYG-HGUT-00167,50
MGYG-HGUT-00272,50
MGYG-HGUT-00166,50
MGYG-HGUT-00231,50
MGYG-HGUT-00076,50
MGYG-HGUT-00419,50
MGYG-HGUT-00077,50
MGYG-HGUT-00078,50
MGYG-HGUT-00484,50
MGYG-HGUT-00651,50
MGYG-HGUT-00084,50
MGYG-HGUT-00412,50
MGYG-HGUT-00085,50
MGYG-HGUT-00410,50
MGYG-HGUT-00409,50
MGYG-HGUT-00087,50
MGYG-HGUT-00088,50
MGYG-HGUT-00653,50
MGYG-HGUT-00491,50
MGYG-HGUT-00276,50
MGYG-HGUT-00212,50
MGYG-HGUT-00652,50
MGYG-HGUT-00667,50
MGYG-HGUT-00072,50
MGYG-HGUT-00668,50
MGYG-HGUT-00070,50
MGYG-HGUT-00256,50
MGYG-HGUT-00258,50
MGYG-HGUT-00043,50
MGYG-HGUT-00700,50
MGYG-HGUT-00044,50
MGYG-HGUT-00696,50
MGYG-HGUT-00045,50
MGYG-HGUT-00695,50
MGYG-HGUT-00692,50
MGYG-HGUT-00179,50
MGYG-HGUT-00475,50
MGYG-HGUT-00177,50
MGYG-HGUT-00479,50
MGYG-HGUT-00236,50
MGYG-HGUT-00262,50
MGYG-HGUT-00263,50
MGYG-HGUT-00265,50
MGYG-HGUT-00170,50
MGYG-HGUT-00060,50
MGYG-HGUT-00062,50
MGYG-HGUT-00672,50
MGYG-HGUT-00233,50
MGYG-HGUT-00671,50
MGYG-HGUT-00267,50
MGYG-HGUT-00069,50
MGYG-HGUT-00089,50
MGYG-HGUT-00405,50
MGYG-HGUT-00041,50
MGYG-HGUT-00122,50
MGYG-HGUT-00148,50
MGYG-HGUT-00561,50
MGYG-HGUT-00370,50
MGYG-HGUT-00146,50
MGYG-HGUT-00549,50
MGYG-HGUT-00144,50
MGYG-HGUT-00369,50
MGYG-HGUT-00142,50
MGYG-HGUT-00320,50
MGYG-HGUT-00140,50
MGYG-HGUT-00226,50
MGYG-HGUT-00539,50
MGYG-HGUT-00538,50
MGYG-HGUT-00214,50
MGYG-HGUT-00217,50
MGYG-HGUT-00535,50
MGYG-HGUT-00534,50
MGYG-HGUT-00123,50
MGYG-HGUT-00139,50
MGYG-HGUT-00532,50
MGYG-HGUT-00519,50
MGYG-HGUT-00530,50
MGYG-HGUT-00225,50
MGYG-HGUT-00138,50
MGYG-HGUT-00362,50
MGYG-HGUT-00525,50
MGYG-HGUT-00562,50
MGYG-HGUT-00508,50
MGYG-HGUT-00567,50
MGYG-HGUT-00150,50
MGYG-HGUT-00646,50
MGYG-HGUT-00159,50
MGYG-HGUT-00644,50
MGYG-HGUT-00404,50
MGYG-HGUT-00215,50
MGYG-HGUT-00631,50
MGYG-HGUT-00502,50
MGYG-HGUT-00278,50
MGYG-HGUT-00099,50
MGYG-HGUT-00280,50
MGYG-HGUT-00282,50
MGYG-HGUT-00154,50
MGYG-HGUT-00606,50
MGYG-HGUT-00105,50
MGYG-HGUT-00106,50
MGYG-HGUT-00153,50
MGYG-HGUT-00107,50
MGYG-HGUT-00289,50
MGYG-HGUT-00600,50
MGYG-HGUT-00372,50
MGYG-HGUT-00591,50
MGYG-HGUT-00108,50
MGYG-HGUT-00151,50
MGYG-HGUT-00584,50
MGYG-HGUT-00113,50
MGYG-HGUT-00701,50
MGYG-HGUT-00133,50
MGYG-HGUT-00022,50
MGYG-HGUT-00196,50
MGYG-HGUT-00723,50
MGYG-HGUT-00036,50
MGYG-HGUT-00436,50
MGYG-HGUT-00730,50
MGYG-HGUT-00242,50
MGYG-HGUT-00252,50
MGYG-HGUT-00453,50
MGYG-HGUT-00722,50
MGYG-HGUT-00204,50
MGYG-HGUT-00209,50
MGYG-HGUT-00189,50
MGYG-HGUT-00205,50
MGYG-HGUT-00246,50
MGYG-HGUT-00208,50
MGYG-HGUT-00243,50
MGYG-HGUT-00247,50
MGYG-HGUT-00725,50
MGYG-HGUT-00014,50
MGYG-HGUT-00729,50
MGYG-HGUT-00195,50
MGYG-HGUT-00249,50
MGYG-HGUT-00250,50
MGYG-HGUT-00463,50
MGYG-HGUT-00032,50
MGYG-HGUT-00193,50
MGYG-HGUT-00203,50
MGYG-HGUT-00244,50
MGYG-HGUT-00033,50
MGYG-HGUT-00726,50
MGYG-HGUT-00199,50
MGYG-HGUT-00016,50
MGYG-HGUT-00251,50
MGYG-HGUT-00190,50
MGYG-HGUT-00187,50
MGYG-HGUT-00030,50
MGYG-HGUT-00197,50
MGYG-HGUT-00714,50
MGYG-HGUT-00039,50
MGYG-HGUT-00705,50
MGYG-HGUT-00707,50
MGYG-HGUT-00457,50
MGYG-HGUT-00200,50
MGYG-HGUT-00254,50
MGYG-HGUT-00743,50
MGYG-HGUT-00038,50
MGYG-HGUT-00027,50
MGYG-HGUT-00253,50
MGYG-HGUT-00183,50
MGYG-HGUT-00018,50
MGYG-HGUT-00026,50
MGYG-HGUT-00201,50
MGYG-HGUT-00029,50
MGYG-HGUT-00734,50
MGYG-HGUT-00028,50
MGYG-HGUT-00186,50
MGYG-HGUT-00245,50
MGYG-HGUT-00194,50
MGYG-HGUT-00185,50
MGYG-HGUT-04385,49
MGYG-HGUT-01413,49
MGYG-HGUT-00414,49
MGYG-HGUT-01764,49
MGYG-HGUT-03923,49
MGYG-HGUT-01655,49
MGYG-HGUT-03967,49
MGYG-HGUT-04412,49
MGYG-HGUT-00690,49
MGYG-HGUT-00460,48
MGYG-HGUT-02990,48
MGYG-HGUT-03090,48
MGYG-HGUT-00259,48
MGYG-HGUT-03734,48
MGYG-HGUT-00161,47
MGYG-HGUT-01295,47
MGYG-HGUT-03761,47
MGYG-HGUT-02489,47
MGYG-HGUT-04425,47
MGYG-HGUT-02724,47
MGYG-HGUT-02399,47
MGYG-HGUT-00875,46
MGYG-HGUT-02104,46
MGYG-HGUT-03449,46
MGYG-HGUT-01088,46
MGYG-HGUT-03486,46
MGYG-HGUT-02634,46
MGYG-HGUT-01975,45
MGYG-HGUT-00080,45
MGYG-HGUT-00602,45
MGYG-HGUT-00787,45
MGYG-HGUT-00094,45
MGYG-HGUT-00240,44
MGYG-HGUT-00742,44
MGYG-HGUT-00260,44
MGYG-HGUT-02270,44
MGYG-HGUT-03158,44
MGYG-HGUT-03692,44
MGYG-HGUT-04253,44
MGYG-HGUT-00332,43
MGYG-HGUT-01296,43
MGYG-HGUT-04339,43
MGYG-HGUT-01559,43
MGYG-HGUT-01042,43
MGYG-HGUT-00017,43
MGYG-HGUT-04129,42
MGYG-HGUT-01729,42
MGYG-HGUT-00141,42
MGYG-HGUT-03190,42
MGYG-HGUT-00832,42
MGYG-HGUT-00568,42
MGYG-HGUT-02573,42
MGYG-HGUT-02181,42
MGYG-HGUT-02559,42
MGYG-HGUT-04492,41
MGYG-HGUT-00344,41
MGYG-HGUT-00533,41
MGYG-HGUT-00779,41
MGYG-HGUT-03868,41
MGYG-HGUT-00128,41
MGYG-HGUT-01619,40
MGYG-HGUT-01918,40
MGYG-HGUT-04448,40
MGYG-HGUT-04088,40
MGYG-HGUT-01369,40
MGYG-HGUT-04070,40
MGYG-HGUT-03508,40
MGYG-HGUT-00715,40
MGYG-HGUT-00902,40
MGYG-HGUT-00507,39
MGYG-HGUT-01356,39
MGYG-HGUT-02617,39
MGYG-HGUT-03998,39
MGYG-HGUT-03056,39
MGYG-HGUT-00031,39
MGYG-HGUT-00639,39
MGYG-HGUT-01985,39
MGYG-HGUT-03094,39
MGYG-HGUT-03410,38
MGYG-HGUT-00119,38
MGYG-HGUT-02056,38
MGYG-HGUT-01191,38
MGYG-HGUT-02194,38
MGYG-HGUT-02512,38
MGYG-HGUT-01001,38
MGYG-HGUT-02710,38
MGYG-HGUT-04521,38
MGYG-HGUT-03476,38
MGYG-HGUT-00136,38
MGYG-HGUT-01176,37
MGYG-HGUT-04019,37
MGYG-HGUT-02519,37
MGYG-HGUT-03972,37
MGYG-HGUT-02473,37
MGYG-HGUT-02805,37
MGYG-HGUT-00093,37
MGYG-HGUT-00296,37
MGYG-HGUT-02456,37
MGYG-HGUT-02782,37
MGYG-HGUT-01379,37
MGYG-HGUT-03237,36
MGYG-HGUT-01109,36
MGYG-HGUT-01167,36
MGYG-HGUT-00013,36
MGYG-HGUT-00887,36
MGYG-HGUT-01326,36
MGYG-HGUT-02813,36
MGYG-HGUT-01023,35
MGYG-HGUT-00527,35
MGYG-HGUT-00994,35
MGYG-HGUT-02763,35
MGYG-HGUT-00466,35
MGYG-HGUT-00596,35
MGYG-HGUT-04404,35
MGYG-HGUT-00575,34
MGYG-HGUT-00506,34
MGYG-HGUT-02129,34
MGYG-HGUT-03302,34
MGYG-HGUT-02689,33
MGYG-HGUT-02784,33
MGYG-HGUT-00349,33
MGYG-HGUT-01521,33
MGYG-HGUT-02494,33
MGYG-HGUT-03344,33
MGYG-HGUT-02568,33
MGYG-HGUT-00441,33
MGYG-HGUT-02778,33
MGYG-HGUT-02483,33
MGYG-HGUT-01193,33
MGYG-HGUT-03335,33
MGYG-HGUT-00558,33
MGYG-HGUT-01141,32
MGYG-HGUT-01152,32
MGYG-HGUT-00046,32
MGYG-HGUT-00206,32
MGYG-HGUT-00218,32
MGYG-HGUT-00504,32
MGYG-HGUT-01762,32
MGYG-HGUT-02125,32
MGYG-HGUT-04221,32
MGYG-HGUT-04071,32
MGYG-HGUT-00444,32
MGYG-HGUT-00379,32
MGYG-HGUT-01328,32
MGYG-HGUT-02601,32
MGYG-HGUT-02190,32
MGYG-HGUT-03189,32
MGYG-HGUT-04115,32
MGYG-HGUT-02922,31
MGYG-HGUT-03004,31
MGYG-HGUT-02016,31
MGYG-HGUT-02047,31
MGYG-HGUT-01937,31
MGYG-HGUT-00169,31
MGYG-HGUT-01658,31
MGYG-HGUT-03230,31
MGYG-HGUT-04397,31
MGYG-HGUT-04150,31
MGYG-HGUT-00542,31
MGYG-HGUT-01420,31
MGYG-HGUT-04046,31
MGYG-HGUT-02605,30
MGYG-HGUT-00492,30
MGYG-HGUT-01981,30
MGYG-HGUT-01248,30
MGYG-HGUT-04447,30
MGYG-HGUT-00303,30
MGYG-HGUT-00760,30
MGYG-HGUT-00451,30
MGYG-HGUT-04642,30
MGYG-HGUT-04113,30
MGYG-HGUT-01948,29
MGYG-HGUT-02711,29
MGYG-HGUT-00037,29
MGYG-HGUT-03963,29
MGYG-HGUT-00979,29
MGYG-HGUT-01115,29
MGYG-HGUT-01055,29
MGYG-HGUT-04252,29
MGYG-HGUT-00235,29
MGYG-HGUT-04143,29
MGYG-HGUT-02779,29
MGYG-HGUT-04047,29
MGYG-HGUT-00872,29
MGYG-HGUT-02900,29
MGYG-HGUT-00090,29
MGYG-HGUT-01589,29
MGYG-HGUT-01304,29
MGYG-HGUT-04351,28
MGYG-HGUT-03488,28
MGYG-HGUT-03954,28
MGYG-HGUT-02316,28
MGYG-HGUT-03707,28
MGYG-HGUT-00160,28
MGYG-HGUT-02102,28
MGYG-HGUT-00323,28
MGYG-HGUT-02228,28
MGYG-HGUT-01630,28
MGYG-HGUT-02607,28
MGYG-HGUT-00353,28
MGYG-HGUT-02087,28
MGYG-HGUT-00406,27
MGYG-HGUT-03087,27
MGYG-HGUT-03075,27
MGYG-HGUT-03814,27
MGYG-HGUT-00912,27
MGYG-HGUT-00648,27
MGYG-HGUT-02608,27
MGYG-HGUT-00500,27
MGYG-HGUT-02363,27
MGYG-HGUT-01247,27
MGYG-HGUT-01401,27
MGYG-HGUT-01373,27
MGYG-HGUT-00149,27
MGYG-HGUT-02080,27
MGYG-HGUT-00035,27
MGYG-HGUT-01987,27
MGYG-HGUT-03741,26
MGYG-HGUT-04501,26
MGYG-HGUT-02278,26
MGYG-HGUT-03690,26
MGYG-HGUT-00942,26
MGYG-HGUT-03457,26
MGYG-HGUT-03460,26
MGYG-HGUT-00162,26
MGYG-HGUT-00850,26
MGYG-HGUT-02002,26
MGYG-HGUT-04036,26
MGYG-HGUT-02348,26
MGYG-HGUT-04081,26
MGYG-HGUT-00294,26
MGYG-HGUT-01342,26
MGYG-HGUT-03834,25
MGYG-HGUT-00537,25
MGYG-HGUT-02393,25
MGYG-HGUT-01236,25
MGYG-HGUT-02222,25
MGYG-HGUT-00230,25
MGYG-HGUT-04271,25
MGYG-HGUT-00918,25
MGYG-HGUT-02340,25
MGYG-HGUT-01673,25
MGYG-HGUT-03916,25
MGYG-HGUT-01930,25
MGYG-HGUT-00604,24
MGYG-HGUT-04376,24
MGYG-HGUT-02233,24
MGYG-HGUT-00434,24
MGYG-HGUT-04437,24
MGYG-HGUT-02821,24
MGYG-HGUT-04426,24
MGYG-HGUT-03740,24
MGYG-HGUT-01940,24
MGYG-HGUT-01689,24
MGYG-HGUT-00712,24
MGYG-HGUT-00741,24
MGYG-HGUT-03658,24
MGYG-HGUT-04025,24
MGYG-HGUT-00008,24
MGYG-HGUT-04038,24
MGYG-HGUT-01299,24
MGYG-HGUT-03307,24
MGYG-HGUT-01789,24
MGYG-HGUT-03226,24
MGYG-HGUT-02302,24
MGYG-HGUT-00622,24
MGYG-HGUT-03901,24
MGYG-HGUT-02783,24
MGYG-HGUT-00004,24
MGYG-HGUT-02236,23
MGYG-HGUT-00986,23
MGYG-HGUT-00438,23
MGYG-HGUT-01007,23
MGYG-HGUT-02317,23
MGYG-HGUT-04454,23
MGYG-HGUT-01939,23
MGYG-HGUT-03137,23
MGYG-HGUT-01301,23
MGYG-HGUT-02180,23
MGYG-HGUT-00791,23
MGYG-HGUT-00232,23
MGYG-HGUT-01192,23
MGYG-HGUT-03353,23
MGYG-HGUT-02335,23
MGYG-HGUT-04536,23
MGYG-HGUT-01860,23
MGYG-HGUT-01613,23
MGYG-HGUT-03652,23
MGYG-HGUT-01237,23
MGYG-HGUT-01819,23
MGYG-HGUT-04162,23
MGYG-HGUT-00939,23
MGYG-HGUT-00531,23
MGYG-HGUT-00528,22
MGYG-HGUT-03979,22
MGYG-HGUT-04612,22
MGYG-HGUT-03310,22
MGYG-HGUT-02621,22
MGYG-HGUT-02690,22
MGYG-HGUT-02903,22
MGYG-HGUT-00703,22
MGYG-HGUT-04565,22
MGYG-HGUT-00092,22
MGYG-HGUT-02328,22
MGYG-HGUT-02479,22
MGYG-HGUT-00211,22
MGYG-HGUT-03691,22
MGYG-HGUT-01933,22
MGYG-HGUT-00097,22
MGYG-HGUT-00155,22
MGYG-HGUT-03849,22
MGYG-HGUT-01258,22
MGYG-HGUT-02262,22
MGYG-HGUT-00111,22
MGYG-HGUT-03925,21
MGYG-HGUT-01116,21
MGYG-HGUT-02083,21
MGYG-HGUT-00782,21
MGYG-HGUT-00740,21
MGYG-HGUT-00418,21
MGYG-HGUT-00360,21
MGYG-HGUT-02676,21
MGYG-HGUT-02670,21
MGYG-HGUT-03279,21
MGYG-HGUT-02282,21
MGYG-HGUT-00655,21
MGYG-HGUT-01705,21
MGYG-HGUT-00472,21
MGYG-HGUT-01767,21
MGYG-HGUT-02781,21
MGYG-HGUT-00478,21
MGYG-HGUT-02631,21
MGYG-HGUT-02816,21
MGYG-HGUT-04420,21
MGYG-HGUT-00683,21
MGYG-HGUT-00268,20
MGYG-HGUT-04276,20
MGYG-HGUT-03794,20
MGYG-HGUT-03383,20
MGYG-HGUT-00117,20
MGYG-HGUT-00363,20
MGYG-HGUT-01827,20
MGYG-HGUT-02996,20
MGYG-HGUT-01448,20
MGYG-HGUT-03408,20
MGYG-HGUT-04452,20
MGYG-HGUT-02111,20
MGYG-HGUT-04214,20
MGYG-HGUT-01392,20
MGYG-HGUT-02079,20
MGYG-HGUT-03069,20
MGYG-HGUT-00813,20
MGYG-HGUT-00172,20
MGYG-HGUT-02697,20
MGYG-HGUT-01784,20
MGYG-HGUT-00636,19
MGYG-HGUT-04018,19
MGYG-HGUT-04581,19
MGYG-HGUT-00241,19
MGYG-HGUT-00511,19
MGYG-HGUT-00529,19
MGYG-HGUT-00873,19
MGYG-HGUT-04284,19
MGYG-HGUT-01960,19
MGYG-HGUT-00143,19
MGYG-HGUT-01146,19
MGYG-HGUT-02238,19
MGYG-HGUT-00121,19
MGYG-HGUT-00229,19
MGYG-HGUT-00659,19
MGYG-HGUT-04456,19
MGYG-HGUT-01156,19
MGYG-HGUT-01202,19
MGYG-HGUT-02400,19
MGYG-HGUT-01577,19
MGYG-HGUT-03733,19
MGYG-HGUT-00086,19
MGYG-HGUT-01741,19
MGYG-HGUT-02584,18
MGYG-HGUT-02275,18
MGYG-HGUT-02873,18
MGYG-HGUT-02994,18
MGYG-HGUT-03169,18
MGYG-HGUT-02870,18
MGYG-HGUT-00255,18
MGYG-HGUT-00238,18
MGYG-HGUT-00277,18
MGYG-HGUT-02641,18
MGYG-HGUT-00515,18
MGYG-HGUT-00864,18
MGYG-HGUT-01913,18
MGYG-HGUT-00944,18
MGYG-HGUT-03813,18
MGYG-HGUT-00945,18
MGYG-HGUT-00956,18
MGYG-HGUT-00495,18
MGYG-HGUT-00957,18
MGYG-HGUT-01059,18
MGYG-HGUT-04569,18
MGYG-HGUT-00059,18
MGYG-HGUT-01609,18
MGYG-HGUT-04055,18
MGYG-HGUT-04072,18
MGYG-HGUT-00664,18
MGYG-HGUT-04120,18
MGYG-HGUT-04222,18
MGYG-HGUT-00647,18
MGYG-HGUT-04548,18
MGYG-HGUT-00615,18
MGYG-HGUT-04629,18
MGYG-HGUT-03293,18
MGYG-HGUT-02019,17
MGYG-HGUT-00052,17
MGYG-HGUT-02884,17
MGYG-HGUT-01162,17
MGYG-HGUT-01838,17
MGYG-HGUT-03800,17
MGYG-HGUT-02933,17
MGYG-HGUT-04490,17
MGYG-HGUT-02947,17
MGYG-HGUT-01077,17
MGYG-HGUT-01076,17
MGYG-HGUT-04637,17
MGYG-HGUT-01072,17
MGYG-HGUT-02322,17
MGYG-HGUT-03099,17
MGYG-HGUT-01013,17
MGYG-HGUT-04132,17
MGYG-HGUT-02267,17
MGYG-HGUT-03272,17
MGYG-HGUT-01309,17
MGYG-HGUT-02792,17
MGYG-HGUT-03680,17
MGYG-HGUT-04178,17
MGYG-HGUT-03696,17
MGYG-HGUT-04153,17
MGYG-HGUT-00120,17
MGYG-HGUT-02034,17
MGYG-HGUT-02202,16
MGYG-HGUT-01325,16
MGYG-HGUT-00510,16
MGYG-HGUT-01696,16
MGYG-HGUT-02355,16
MGYG-HGUT-04433,16
MGYG-HGUT-02543,16
MGYG-HGUT-01709,16
MGYG-HGUT-01421,16
MGYG-HGUT-04101,16
MGYG-HGUT-04226,16
MGYG-HGUT-02664,16
MGYG-HGUT-01564,16
MGYG-HGUT-00670,16
MGYG-HGUT-02804,16
MGYG-HGUT-00524,16
MGYG-HGUT-00977,16
MGYG-HGUT-02500,16
MGYG-HGUT-01434,16
MGYG-HGUT-01211,16
MGYG-HGUT-02164,16
MGYG-HGUT-02160,16
MGYG-HGUT-02346,16
MGYG-HGUT-01752,16
MGYG-HGUT-04472,16
MGYG-HGUT-04488,16
MGYG-HGUT-03699,16
MGYG-HGUT-02135,16
MGYG-HGUT-00878,16
MGYG-HGUT-03815,16
MGYG-HGUT-03689,16
MGYG-HGUT-02672,16
MGYG-HGUT-00173,16
MGYG-HGUT-01760,16
MGYG-HGUT-01877,16
MGYG-HGUT-01846,16
MGYG-HGUT-01893,16
MGYG-HGUT-04486,15
MGYG-HGUT-02169,15
MGYG-HGUT-02401,15
MGYG-HGUT-03097,15
MGYG-HGUT-01177,15
MGYG-HGUT-00540,15
MGYG-HGUT-04288,15
MGYG-HGUT-02777,15
MGYG-HGUT-03117,15
MGYG-HGUT-00023,15
MGYG-HGUT-03118,15
MGYG-HGUT-03120,15
MGYG-HGUT-00489,15
MGYG-HGUT-01908,15
MGYG-HGUT-01393,15
MGYG-HGUT-04234,15
MGYG-HGUT-00470,15
MGYG-HGUT-02260,15
MGYG-HGUT-01352,15
MGYG-HGUT-04587,15
MGYG-HGUT-03736,15
MGYG-HGUT-00974,15
MGYG-HGUT-01723,15
MGYG-HGUT-00192,15
MGYG-HGUT-00389,15
MGYG-HGUT-04469,15
MGYG-HGUT-00820,15
MGYG-HGUT-02347,15
MGYG-HGUT-03192,15
MGYG-HGUT-03903,15
MGYG-HGUT-03974,15
MGYG-HGUT-03388,15
MGYG-HGUT-03835,15
MGYG-HGUT-03992,15
MGYG-HGUT-04370,15
MGYG-HGUT-04475,15
MGYG-HGUT-02379,15
MGYG-HGUT-01824,15
MGYG-HGUT-02527,15
MGYG-HGUT-00679,15
MGYG-HGUT-00223,15
MGYG-HGUT-04044,15
MGYG-HGUT-01614,15
MGYG-HGUT-03188,15
MGYG-HGUT-01178,14
MGYG-HGUT-00772,14
MGYG-HGUT-01056,14
MGYG-HGUT-00765,14
MGYG-HGUT-04347,14
MGYG-HGUT-00065,14
MGYG-HGUT-00021,14
MGYG-HGUT-02640,14
MGYG-HGUT-01331,14
MGYG-HGUT-04601,14
MGYG-HGUT-00989,14
MGYG-HGUT-02707,14
MGYG-HGUT-00248,14
MGYG-HGUT-02177,14
MGYG-HGUT-00611,14
MGYG-HGUT-00134,14
MGYG-HGUT-00520,14
MGYG-HGUT-01649,14
MGYG-HGUT-04160,14
MGYG-HGUT-00216,14
MGYG-HGUT-00373,14
MGYG-HGUT-00499,14
MGYG-HGUT-02323,14
MGYG-HGUT-03066,14
MGYG-HGUT-03818,14
MGYG-HGUT-01815,14
MGYG-HGUT-01878,14
MGYG-HGUT-03135,14
MGYG-HGUT-02268,14
MGYG-HGUT-03552,14
MGYG-HGUT-03477,14
MGYG-HGUT-03461,14
MGYG-HGUT-02124,14
MGYG-HGUT-03295,14
MGYG-HGUT-03284,14
MGYG-HGUT-02948,14
MGYG-HGUT-01561,14
MGYG-HGUT-00550,14
MGYG-HGUT-01409,14
MGYG-HGUT-02786,14
MGYG-HGUT-02787,14
MGYG-HGUT-02460,14
MGYG-HGUT-02789,14
MGYG-HGUT-03114,13
MGYG-HGUT-00274,13
MGYG-HGUT-01562,13
MGYG-HGUT-03874,13
MGYG-HGUT-03820,13
MGYG-HGUT-01389,13
MGYG-HGUT-02294,13
MGYG-HGUT-03125,13
MGYG-HGUT-01898,13
MGYG-HGUT-02835,13
MGYG-HGUT-04552,13
MGYG-HGUT-04201,13
MGYG-HGUT-00590,13
MGYG-HGUT-02020,13
MGYG-HGUT-00619,13
MGYG-HGUT-02186,13
MGYG-HGUT-03257,13
MGYG-HGUT-00382,13
MGYG-HGUT-02894,13
MGYG-HGUT-01131,13
MGYG-HGUT-01206,13
MGYG-HGUT-00364,13
MGYG-HGUT-01502,13
MGYG-HGUT-02958,13
MGYG-HGUT-04285,13
MGYG-HGUT-04005,13
MGYG-HGUT-01642,13
MGYG-HGUT-01680,13
MGYG-HGUT-01569,13
MGYG-HGUT-03007,13
MGYG-HGUT-00543,13
MGYG-HGUT-00718,13
MGYG-HGUT-02932,13
MGYG-HGUT-00064,12
MGYG-HGUT-04017,12
MGYG-HGUT-00100,12
MGYG-HGUT-02912,12
MGYG-HGUT-03186,12
MGYG-HGUT-04618,12
MGYG-HGUT-04613,12
MGYG-HGUT-02652,12
MGYG-HGUT-02716,12
MGYG-HGUT-03141,12
MGYG-HGUT-00174,12
MGYG-HGUT-03933,12
MGYG-HGUT-04209,12
MGYG-HGUT-04087,12
MGYG-HGUT-03727,12
MGYG-HGUT-04279,12
MGYG-HGUT-04126,12
MGYG-HGUT-04416,12
MGYG-HGUT-03962,12
MGYG-HGUT-00756,12
MGYG-HGUT-02024,12
MGYG-HGUT-00744,12
MGYG-HGUT-01045,12
MGYG-HGUT-01016,12
MGYG-HGUT-02301,12
MGYG-HGUT-00427,12
MGYG-HGUT-00354,12
MGYG-HGUT-00914,12
MGYG-HGUT-02157,12
MGYG-HGUT-00573,12
MGYG-HGUT-00548,12
MGYG-HGUT-00889,12
MGYG-HGUT-02061,12
MGYG-HGUT-02508,12
MGYG-HGUT-02520,12
MGYG-HGUT-02536,12
MGYG-HGUT-01040,12
MGYG-HGUT-01772,12
MGYG-HGUT-01776,12
MGYG-HGUT-01738,12
MGYG-HGUT-00796,12
MGYG-HGUT-03943,11
MGYG-HGUT-03738,11
MGYG-HGUT-01220,11
MGYG-HGUT-00766,11
MGYG-HGUT-02273,11
MGYG-HGUT-02662,11
MGYG-HGUT-02788,11
MGYG-HGUT-01742,11
MGYG-HGUT-02897,11
MGYG-HGUT-03892,11
MGYG-HGUT-04517,11
MGYG-HGUT-01411,11
MGYG-HGUT-00579,11
MGYG-HGUT-04267,11
MGYG-HGUT-00881,11
MGYG-HGUT-04471,11
MGYG-HGUT-03151,11
MGYG-HGUT-03164,11
MGYG-HGUT-03184,11
MGYG-HGUT-04179,11
MGYG-HGUT-01862,11
MGYG-HGUT-01311,11
MGYG-HGUT-00330,11
MGYG-HGUT-03266,11
MGYG-HGUT-00663,11
MGYG-HGUT-01240,11
MGYG-HGUT-02205,11
MGYG-HGUT-00981,11
MGYG-HGUT-02780,11
MGYG-HGUT-04482,11
MGYG-HGUT-01607,11
MGYG-HGUT-01672,11
MGYG-HGUT-00367,11
MGYG-HGUT-01025,11
MGYG-HGUT-01062,11
MGYG-HGUT-01955,11
MGYG-HGUT-00220,11
MGYG-HGUT-03993,11
MGYG-HGUT-03596,11
MGYG-HGUT-04105,11
MGYG-HGUT-02684,11
MGYG-HGUT-02944,11
MGYG-HGUT-01539,11
MGYG-HGUT-00468,11
MGYG-HGUT-02507,11
MGYG-HGUT-02603,11
MGYG-HGUT-04446,11
MGYG-HGUT-04246,11
MGYG-HGUT-02737,11
MGYG-HGUT-04314,10
MGYG-HGUT-01089,10
MGYG-HGUT-02312,10
MGYG-HGUT-00050,10
MGYG-HGUT-00685,10
MGYG-HGUT-01144,10
MGYG-HGUT-01051,10
MGYG-HGUT-02227,10
MGYG-HGUT-00678,10
MGYG-HGUT-01158,10
MGYG-HGUT-03014,10
MGYG-HGUT-03303,10
MGYG-HGUT-00435,10
MGYG-HGUT-01291,10
MGYG-HGUT-00462,10
MGYG-HGUT-02059,10
MGYG-HGUT-01512,10
MGYG-HGUT-01611,10
MGYG-HGUT-03580,10
MGYG-HGUT-03584,10
MGYG-HGUT-01889,10
MGYG-HGUT-01965,10
MGYG-HGUT-03984,10
MGYG-HGUT-03675,10
MGYG-HGUT-01720,10
MGYG-HGUT-01664,10
MGYG-HGUT-01665,10
MGYG-HGUT-01669,10
MGYG-HGUT-01675,10
MGYG-HGUT-02097,10
MGYG-HGUT-02099,10
MGYG-HGUT-03380,10
MGYG-HGUT-01929,10
MGYG-HGUT-00442,10
MGYG-HGUT-01765,10
MGYG-HGUT-00643,10
MGYG-HGUT-03292,10
MGYG-HGUT-04164,10
MGYG-HGUT-00449,10
MGYG-HGUT-04149,10
MGYG-HGUT-00198,10
MGYG-HGUT-00603,10
MGYG-HGUT-03325,10
MGYG-HGUT-02123,10
MGYG-HGUT-02109,10
MGYG-HGUT-02980,10
MGYG-HGUT-00459,10
MGYG-HGUT-03346,10
MGYG-HGUT-03150,10
MGYG-HGUT-00295,10
MGYG-HGUT-00847,10
MGYG-HGUT-02775,10
MGYG-HGUT-00748,10
MGYG-HGUT-04578,10
MGYG-HGUT-02845,10
MGYG-HGUT-02848,10
MGYG-HGUT-00297,10
MGYG-HGUT-02791,10
MGYG-HGUT-02574,10
MGYG-HGUT-02529,10
MGYG-HGUT-00288,10
MGYG-HGUT-04525,10
MGYG-HGUT-02503,10
MGYG-HGUT-00317,10
MGYG-HGUT-04529,10
MGYG-HGUT-00990,10
MGYG-HGUT-02572,10
MGYG-HGUT-02452,10
MGYG-HGUT-00732,10
MGYG-HGUT-00312,10
MGYG-HGUT-04435,10
MGYG-HGUT-00896,10
MGYG-HGUT-04640,10
MGYG-HGUT-00792,10
MGYG-HGUT-02643,10
MGYG-HGUT-04499,9
MGYG-HGUT-01458,9
MGYG-HGUT-01430,9
MGYG-HGUT-02074,9
MGYG-HGUT-02819,9
MGYG-HGUT-02498,9
MGYG-HGUT-02790,9
MGYG-HGUT-00553,9
MGYG-HGUT-01344,9
MGYG-HGUT-00452,9
MGYG-HGUT-04508,9
MGYG-HGUT-00458,9
MGYG-HGUT-01370,9
MGYG-HGUT-02449,9
MGYG-HGUT-04125,9
MGYG-HGUT-00571,9
MGYG-HGUT-01467,9
MGYG-HGUT-01547,9
MGYG-HGUT-00879,9
MGYG-HGUT-04064,9
MGYG-HGUT-03812,9
MGYG-HGUT-03843,9
MGYG-HGUT-01793,9
MGYG-HGUT-02653,9
MGYG-HGUT-00496,9
MGYG-HGUT-00156,9
MGYG-HGUT-00501,9
MGYG-HGUT-01881,9
MGYG-HGUT-02622,9
MGYG-HGUT-01740,9
MGYG-HGUT-03718,9
MGYG-HGUT-00168,9
MGYG-HGUT-01926,9
MGYG-HGUT-00175,9
MGYG-HGUT-04564,9
MGYG-HGUT-01651,9
MGYG-HGUT-02562,9
MGYG-HGUT-01640,9
MGYG-HGUT-03660,9
MGYG-HGUT-01626,9
MGYG-HGUT-00867,9
MGYG-HGUT-01606,9
MGYG-HGUT-04022,9
MGYG-HGUT-03484,9
MGYG-HGUT-02736,9
MGYG-HGUT-02031,9
MGYG-HGUT-03464,9
MGYG-HGUT-02158,9
MGYG-HGUT-00366,9
MGYG-HGUT-00228,9
MGYG-HGUT-02258,9
MGYG-HGUT-00995,9
MGYG-HGUT-02945,9
MGYG-HGUT-02405,9
MGYG-HGUT-00224,9
MGYG-HGUT-00358,9
MGYG-HGUT-04302,9
MGYG-HGUT-04438,9
MGYG-HGUT-02423,9
MGYG-HGUT-00417,9
MGYG-HGUT-00686,9
MGYG-HGUT-00654,9
MGYG-HGUT-01066,9
MGYG-HGUT-04225,9
MGYG-HGUT-00210,9
MGYG-HGUT-02197,9
MGYG-HGUT-02972,9
MGYG-HGUT-01287,9
MGYG-HGUT-02905,9
MGYG-HGUT-00969,9
MGYG-HGUT-03251,9
MGYG-HGUT-00938,9
MGYG-HGUT-02171,9
MGYG-HGUT-00985,9
MGYG-HGUT-01271,9
MGYG-HGUT-00420,9
MGYG-HGUT-01187,8
MGYG-HGUT-00261,8
MGYG-HGUT-03503,8
MGYG-HGUT-03113,8
MGYG-HGUT-03655,8
MGYG-HGUT-01183,8
MGYG-HGUT-00424,8
MGYG-HGUT-04189,8
MGYG-HGUT-00130,8
MGYG-HGUT-00863,8
MGYG-HGUT-00815,8
MGYG-HGUT-04551,8
MGYG-HGUT-03712,8
MGYG-HGUT-03957,8
MGYG-HGUT-00483,8
MGYG-HGUT-01806,8
MGYG-HGUT-02352,8
MGYG-HGUT-02974,8
MGYG-HGUT-02345,8
MGYG-HGUT-01787,8
MGYG-HGUT-01774,8
MGYG-HGUT-02362,8
MGYG-HGUT-00764,8
MGYG-HGUT-00157,8
MGYG-HGUT-00371,8
MGYG-HGUT-02667,8
MGYG-HGUT-00755,8
MGYG-HGUT-02365,8
MGYG-HGUT-01876,8
MGYG-HGUT-03046,8
MGYG-HGUT-00395,8
MGYG-HGUT-04535,8
MGYG-HGUT-00806,8
MGYG-HGUT-01717,8
MGYG-HGUT-03124,8
MGYG-HGUT-01803,8
MGYG-HGUT-02013,8
MGYG-HGUT-00559,8
MGYG-HGUT-04513,8
MGYG-HGUT-04223,8
MGYG-HGUT-04479,8
MGYG-HGUT-00309,8
MGYG-HGUT-00275,8
MGYG-HGUT-04510,8
MGYG-HGUT-04483,8
MGYG-HGUT-02814,8
MGYG-HGUT-02105,8
MGYG-HGUT-04051,8
MGYG-HGUT-02872,8
MGYG-HGUT-01229,8
MGYG-HGUT-02874,8
MGYG-HGUT-04106,8
MGYG-HGUT-01802,8
MGYG-HGUT-04480,8
MGYG-HGUT-01527,8
MGYG-HGUT-03452,8
MGYG-HGUT-00972,8
MGYG-HGUT-04171,8
MGYG-HGUT-04066,8
MGYG-HGUT-00967,8
MGYG-HGUT-00903,8
MGYG-HGUT-00874,8
MGYG-HGUT-01474,8
MGYG-HGUT-04063,8
MGYG-HGUT-00614,7
MGYG-HGUT-03821,7
MGYG-HGUT-04418,7
MGYG-HGUT-00051,7
MGYG-HGUT-00898,7
MGYG-HGUT-00503,7
MGYG-HGUT-01797,7
MGYG-HGUT-01254,7
MGYG-HGUT-04182,7
MGYG-HGUT-04230,7
MGYG-HGUT-01063,7
MGYG-HGUT-04134,7
MGYG-HGUT-03848,7
MGYG-HGUT-01269,7
MGYG-HGUT-04502,7
MGYG-HGUT-04140,7
MGYG-HGUT-00544,7
MGYG-HGUT-04605,7
MGYG-HGUT-01441,7
MGYG-HGUT-00124,7
MGYG-HGUT-00871,7
MGYG-HGUT-00137,7
MGYG-HGUT-04265,7
MGYG-HGUT-04260,7
MGYG-HGUT-01199,7
MGYG-HGUT-00857,7
MGYG-HGUT-00522,7
MGYG-HGUT-04259,7
MGYG-HGUT-04290,7
MGYG-HGUT-04084,7
MGYG-HGUT-04311,7
MGYG-HGUT-01712,7
MGYG-HGUT-04453,7
MGYG-HGUT-04571,7
MGYG-HGUT-01224,7
MGYG-HGUT-04090,7
MGYG-HGUT-00750,7
MGYG-HGUT-00517,7
MGYG-HGUT-01154,7
MGYG-HGUT-01678,7
MGYG-HGUT-00509,7
MGYG-HGUT-01228,7
MGYG-HGUT-01710,7
MGYG-HGUT-01213,7
MGYG-HGUT-03801,7
MGYG-HGUT-01814,7
MGYG-HGUT-01941,7
MGYG-HGUT-01988,7
MGYG-HGUT-02306,7
MGYG-HGUT-00394,7
MGYG-HGUT-02338,7
MGYG-HGUT-03010,7
MGYG-HGUT-00476,7
MGYG-HGUT-02979,7
MGYG-HGUT-01998,7
MGYG-HGUT-01932,7
MGYG-HGUT-02971,7
MGYG-HGUT-01931,7
MGYG-HGUT-01927,7
MGYG-HGUT-02380,7
MGYG-HGUT-00345,7
MGYG-HGUT-02300,7
MGYG-HGUT-03479,7
MGYG-HGUT-03700,7
MGYG-HGUT-03386,7
MGYG-HGUT-03329,7
MGYG-HGUT-02114,7
MGYG-HGUT-00446,7
MGYG-HGUT-03372,7
MGYG-HGUT-02156,7
MGYG-HGUT-03278,7
MGYG-HGUT-02165,7
MGYG-HGUT-00469,7
MGYG-HGUT-03417,7
MGYG-HGUT-02073,7
MGYG-HGUT-02185,7
MGYG-HGUT-02248,7
MGYG-HGUT-03138,7
MGYG-HGUT-02269,7
MGYG-HGUT-01905,7
MGYG-HGUT-02325,7
MGYG-HGUT-02673,7
MGYG-HGUT-03732,7
MGYG-HGUT-02746,7
MGYG-HGUT-02487,7
MGYG-HGUT-03701,7
MGYG-HGUT-02704,7
MGYG-HGUT-03770,7
MGYG-HGUT-02810,7
MGYG-HGUT-02610,7
MGYG-HGUT-02725,7
MGYG-HGUT-02832,7
MGYG-HGUT-00486,7
MGYG-HGUT-02630,7
MGYG-HGUT-02521,7
MGYG-HGUT-02661,7
MGYG-HGUT-02880,7
MGYG-HGUT-02665,6
MGYG-HGUT-03170,6
MGYG-HGUT-04232,6
MGYG-HGUT-00610,6
MGYG-HGUT-01243,6
MGYG-HGUT-02220,6
MGYG-HGUT-03185,6
MGYG-HGUT-04157,6
MGYG-HGUT-02192,6
MGYG-HGUT-02709,6
MGYG-HGUT-02146,6
MGYG-HGUT-02145,6
MGYG-HGUT-02263,6
MGYG-HGUT-02136,6
MGYG-HGUT-03824,6
MGYG-HGUT-00834,6
MGYG-HGUT-00618,6
MGYG-HGUT-00829,6
MGYG-HGUT-02167,6
MGYG-HGUT-02149,6
MGYG-HGUT-04617,6
MGYG-HGUT-00641,6
MGYG-HGUT-01323,6
MGYG-HGUT-00753,6
MGYG-HGUT-00633,6
MGYG-HGUT-00780,6
MGYG-HGUT-03290,6
MGYG-HGUT-01320,6
MGYG-HGUT-02638,6
MGYG-HGUT-00962,6
MGYG-HGUT-04278,6
MGYG-HGUT-02271,6
MGYG-HGUT-01210,6
MGYG-HGUT-01096,6
MGYG-HGUT-00310,6
MGYG-HGUT-01078,6
MGYG-HGUT-02998,6
MGYG-HGUT-02834,6
MGYG-HGUT-01037,6
MGYG-HGUT-02441,6
MGYG-HGUT-00930,6
MGYG-HGUT-00932,6
MGYG-HGUT-00365,6
MGYG-HGUT-04449,6
MGYG-HGUT-00343,6
MGYG-HGUT-00958,6
MGYG-HGUT-00965,6
MGYG-HGUT-02893,6
MGYG-HGUT-01104,6
MGYG-HGUT-01117,6
MGYG-HGUT-00585,6
MGYG-HGUT-00068,6
MGYG-HGUT-03107,6
MGYG-HGUT-01198,6
MGYG-HGUT-01195,6
MGYG-HGUT-03102,6
MGYG-HGUT-01182,6
MGYG-HGUT-04313,6
MGYG-HGUT-01165,6
MGYG-HGUT-00048,6
MGYG-HGUT-01163,6
MGYG-HGUT-00299,6
MGYG-HGUT-03083,6
MGYG-HGUT-02807,6
MGYG-HGUT-04355,6
MGYG-HGUT-04357,6
MGYG-HGUT-00595,6
MGYG-HGUT-03215,6
MGYG-HGUT-01661,6
MGYG-HGUT-02106,6
MGYG-HGUT-03991,6
MGYG-HGUT-03944,6
MGYG-HGUT-01961,6
MGYG-HGUT-00480,6
MGYG-HGUT-01973,6
MGYG-HGUT-03754,6
MGYG-HGUT-03583,6
MGYG-HGUT-04065,6
MGYG-HGUT-00171,6
MGYG-HGUT-03786,6
MGYG-HGUT-02062,6
MGYG-HGUT-03880,6
MGYG-HGUT-01983,6
MGYG-HGUT-01466,6
MGYG-HGUT-03886,6
MGYG-HGUT-01921,6
MGYG-HGUT-03450,6
MGYG-HGUT-03959,6
MGYG-HGUT-03860,6
MGYG-HGUT-01883,6
MGYG-HGUT-01646,6
MGYG-HGUT-01574,6
MGYG-HGUT-03313,6
MGYG-HGUT-01795,6
MGYG-HGUT-01936,6
MGYG-HGUT-01828,6
MGYG-HGUT-00582,6
MGYG-HGUT-02130,6
MGYG-HGUT-00182,6
MGYG-HGUT-04124,6
MGYG-HGUT-01783,6
MGYG-HGUT-03375,6
MGYG-HGUT-01896,6
MGYG-HGUT-03746,6
MGYG-HGUT-02044,6
MGYG-HGUT-04460,5
MGYG-HGUT-03929,5
MGYG-HGUT-01895,5
MGYG-HGUT-00953,5
MGYG-HGUT-00322,5
MGYG-HGUT-01682,5
MGYG-HGUT-02390,5
MGYG-HGUT-01706,5
MGYG-HGUT-02377,5
MGYG-HGUT-02904,5
MGYG-HGUT-00717,5
MGYG-HGUT-02991,5
MGYG-HGUT-04414,5
MGYG-HGUT-02978,5
MGYG-HGUT-01039,5
MGYG-HGUT-03965,5
MGYG-HGUT-01026,5
MGYG-HGUT-03688,5
MGYG-HGUT-02959,5
MGYG-HGUT-00975,5
MGYG-HGUT-02364,5
MGYG-HGUT-04439,5
MGYG-HGUT-02943,5
MGYG-HGUT-02367,5
MGYG-HGUT-02840,5
MGYG-HGUT-02382,5
MGYG-HGUT-02910,5
MGYG-HGUT-02863,5
MGYG-HGUT-03312,5
MGYG-HGUT-03713,5
MGYG-HGUT-02695,5
MGYG-HGUT-03790,5
MGYG-HGUT-00841,5
MGYG-HGUT-02571,5
MGYG-HGUT-01781,5
MGYG-HGUT-02703,5
MGYG-HGUT-02700,5
MGYG-HGUT-03858,5
MGYG-HGUT-02698,5
MGYG-HGUT-02582,5
MGYG-HGUT-00931,5
MGYG-HGUT-02687,5
MGYG-HGUT-03856,5
MGYG-HGUT-00490,5
MGYG-HGUT-00752,5
MGYG-HGUT-03799,5
MGYG-HGUT-02648,5
MGYG-HGUT-00493,5
MGYG-HGUT-03827,5
MGYG-HGUT-02560,5
MGYG-HGUT-02718,5
MGYG-HGUT-02721,5
MGYG-HGUT-02722,5
MGYG-HGUT-03723,5
MGYG-HGUT-01874,5
MGYG-HGUT-03908,5
MGYG-HGUT-02820,5
MGYG-HGUT-01046,5
MGYG-HGUT-03747,5
MGYG-HGUT-00894,5
MGYG-HGUT-00487,5
MGYG-HGUT-02467,5
MGYG-HGUT-00291,5
MGYG-HGUT-02477,5
MGYG-HGUT-00886,5
MGYG-HGUT-00279,5
MGYG-HGUT-03890,5
MGYG-HGUT-02776,5
MGYG-HGUT-00269,5
MGYG-HGUT-02726,5
MGYG-HGUT-02812,5
MGYG-HGUT-03673,5
MGYG-HGUT-04403,5
MGYG-HGUT-03205,5
MGYG-HGUT-03233,5
MGYG-HGUT-01280,5
MGYG-HGUT-04216,5
MGYG-HGUT-02173,5
MGYG-HGUT-02066,5
MGYG-HGUT-03216,5
MGYG-HGUT-01259,5
MGYG-HGUT-04075,5
MGYG-HGUT-03203,5
MGYG-HGUT-00649,5
MGYG-HGUT-01252,5
MGYG-HGUT-03451,5
MGYG-HGUT-02226,5
MGYG-HGUT-01234,5
MGYG-HGUT-01495,5
MGYG-HGUT-00464,5
MGYG-HGUT-02232,5
MGYG-HGUT-04257,5
MGYG-HGUT-01435,5
MGYG-HGUT-04089,5
MGYG-HGUT-03459,5
MGYG-HGUT-03361,5
MGYG-HGUT-04141,5
MGYG-HGUT-04136,5
MGYG-HGUT-00583,5
MGYG-HGUT-01347,5
MGYG-HGUT-00605,5
MGYG-HGUT-03314,5
MGYG-HGUT-01341,5
MGYG-HGUT-03320,5
MGYG-HGUT-03291,5
MGYG-HGUT-02093,5
MGYG-HGUT-04173,5
MGYG-HGUT-00546,5
MGYG-HGUT-04108,5
MGYG-HGUT-03376,5
MGYG-HGUT-04185,5
MGYG-HGUT-03282,5
MGYG-HGUT-00634,5
MGYG-HGUT-01427,5
MGYG-HGUT-03146,5
MGYG-HGUT-01222,5
MGYG-HGUT-03001,5
MGYG-HGUT-01629,5
MGYG-HGUT-01623,5
MGYG-HGUT-02304,5
MGYG-HGUT-01147,5
MGYG-HGUT-00682,5
MGYG-HGUT-00400,5
MGYG-HGUT-04354,5
MGYG-HGUT-03049,5
MGYG-HGUT-04362,5
MGYG-HGUT-00047,5
MGYG-HGUT-03085,5
MGYG-HGUT-03661,5
MGYG-HGUT-01113,5
MGYG-HGUT-00202,5
MGYG-HGUT-01645,5
MGYG-HGUT-03978,5
MGYG-HGUT-00518,5
MGYG-HGUT-02341,5
MGYG-HGUT-04401,5
MGYG-HGUT-04335,5
MGYG-HGUT-01608,5
MGYG-HGUT-02033,5
MGYG-HGUT-01591,5
MGYG-HGUT-02018,5
MGYG-HGUT-00425,5
MGYG-HGUT-00473,5
MGYG-HGUT-00523,5
MGYG-HGUT-01203,5
MGYG-HGUT-01993,5
MGYG-HGUT-01576,5
MGYG-HGUT-01194,5
MGYG-HGUT-00416,5
MGYG-HGUT-00067,5
MGYG-HGUT-02296,5
MGYG-HGUT-04298,5
MGYG-HGUT-03093,5
MGYG-HGUT-01990,5
MGYG-HGUT-03091,5
MGYG-HGUT-01598,5
MGYG-HGUT-01601,5
MGYG-HGUT-03489,5
MGYG-HGUT-02645,5
